3AAA8053-795A-4A77-B1AF-65C2B6B1C454,04/22/2020,19:49:38,45.35327764580474,-122.85393959924241,0
3AAA8053-795A-4A77-B1AF-65C2B6B1C454,04/22/2020,19:54:38,45.35323131433331,-122.85398037361776,5
3AAA8053-795A-4A77-B1AF-65C2B6B1C454,04/22/2020,19:59:38,45.353182457559456,-122.85395305921108,10
3AAA8053-795A-4A77-B1AF-65C2B6B1C454,04/22/2020,20:04:38,45.35318223800595,-122.85396901074667,15
3AAA8053-795A-4A77-B1AF-65C2B6B1C454,04/22/2020,20:09:38,45.35325715214045,-122.85401911323706,20
3AAA8053-795A-4A77-B1AF-65C2B6B1C454,04/22/2020,20:14:38,45.35322838214952,-122.8539840772431,25
3AAA8053-795A-4A77-B1AF-65C2B6B1C454,04/22/2020,20:19:38,45.35323972686445,-122.8539953266213,30
3AAA8053-795A-4A77-B1AF-65C2B6B1C454,04/22/2020,20:24:38,45.353114558046656,-122.85401034957951,35
3AAA8053-795A-4A77-B1AF-65C2B6B1C454,04/22/2020,20:29:38,45.35321067227876,-122.85394999508758,40
3AAA8053-795A-4A77-B1AF-65C2B6B1C454,04/22/2020,20:34:38,45.35321067227876,-122.85394999508758,45
3AAA8053-795A-4A77-B1AF-65C2B6B1C454,04/22/2020,20:39:38,45.35321067227876,-122.85394999508758,50
3AAA8053-795A-4A77-B1AF-65C2B6B1C454,04/22/2020,20:44:38,45.35321067227876,-122.85394999508758,55
3AAA8053-795A-4A77-B1AF-65C2B6B1C454,04/22/2020,20:49:38,45.35321067227876,-122.85394999508758,60
3AAA8053-795A-4A77-B1AF-65C2B6B1C454,04/22/2020,20:54:38,45.35326167521953,-122.85400903189779,65
3AAA8053-795A-4A77-B1AF-65C2B6B1C454,04/22/2020,20:59:38,45.35326167521953,-122.85400903189779,70
3AAA8053-795A-4A77-B1AF-65C2B6B1C454,04/22/2020,21:04:38,45.35328270855264,-122.85402146789508,75
3AAA8053-795A-4A77-B1AF-65C2B6B1C454,04/22/2020,21:09:38,45.35328270855264,-122.85402146789508,80
3AAA8053-795A-4A77-B1AF-65C2B6B1C454,04/22/2020,21:14:38,45.35328270855264,-122.85402146789508,85
3AAA8053-795A-4A77-B1AF-65C2B6B1C454,04/22/2020,21:19:38,45.35322927344203,-122.85401161061823,90
3AAA8053-795A-4A77-B1AF-65C2B6B1C454,04/22/2020,21:24:38,45.353268968852035,-122.85399485016883,95
3AAA8053-795A-4A77-B1AF-65C2B6B1C454,04/22/2020,21:29:38,45.353268968852035,-122.85399485016883,100
3AAA8053-795A-4A77-B1AF-65C2B6B1C454,04/22/2020,21:34:38,45.353268968852035,-122.85399485016883,105
3AAA8053-795A-4A77-B1AF-65C2B6B1C454,04/22/2020,21:39:38,45.353268968852035,-122.85399485016883,110
3AAA8053-795A-4A77-B1AF-65C2B6B1C454,04/22/2020,21:44:38,45.35325485931722,-122.85397177165184,115
3AAA8053-795A-4A77-B1AF-65C2B6B1C454,04/22/2020,21:49:38,45.353358080075644,-122.85406837585279,120
3AAA8053-795A-4A77-B1AF-65C2B6B1C454,04/22/2020,21:54:38,45.35319549239615,-122.85412544383384,125
3AAA8053-795A-4A77-B1AF-65C2B6B1C454,04/22/2020,21:59:38,45.353193248247514,-122.85412638615374,130
3AAA8053-795A-4A77-B1AF-65C2B6B1C454,04/22/2020,22:04:38,45.3529376583948,-122.85415597162687,135
3AAA8053-795A-4A77-B1AF-65C2B6B1C454,04/22/2020,22:09:38,45.35326650411984,-122.8539466486413,140
3AAA8053-795A-4A77-B1AF-65C2B6B1C454,04/22/2020,22:14:38,45.35326464268663,-122.8540173963875,145
3AAA8053-795A-4A77-B1AF-65C2B6B1C454,04/22/2020,22:19:38,45.35329313889738,-122.85395217177914,150
3AAA8053-795A-4A77-B1AF-65C2B6B1C454,04/22/2020,22:24:38,45.353321105025636,-122.8539751569587,155
3AAA8053-795A-4A77-B1AF-65C2B6B1C454,04/22/2020,22:29:38,45.353279517662386,-122.85404064625604,160
3AAA8053-795A-4A77-B1AF-65C2B6B1C454,04/22/2020,22:34:38,45.353281889502746,-122.8540273599793,165
3AAA8053-795A-4A77-B1AF-65C2B6B1C454,04/22/2020,22:39:38,45.35325504254352,-122.8539184182958,170
3AAA8053-795A-4A77-B1AF-65C2B6B1C454,04/22/2020,22:44:38,45.35325504254352,-122.8539184182958,175
3AAA8053-795A-4A77-B1AF-65C2B6B1C454,04/22/2020,22:49:38,45.35325504254352,-122.8539184182958,180
3AAA8053-795A-4A77-B1AF-65C2B6B1C454,04/22/2020,22:54:38,45.35332790574263,-122.85392192969707,185
3AAA8053-795A-4A77-B1AF-65C2B6B1C454,04/25/2020,00:19:45,45.353276306514296,-122.85376450505301,0
3AAA8053-795A-4A77-B1AF-65C2B6B1C454,04/25/2020,00:24:45,45.353276306514296,-122.85376450505301,5
3AAA8053-795A-4A77-B1AF-65C2B6B1C454,04/25/2020,00:29:45,45.353276306514296,-122.85376450505301,10
3AAA8053-795A-4A77-B1AF-65C2B6B1C454,04/25/2020,00:34:45,45.353276306514296,-122.85376450505301,15
3AAA8053-795A-4A77-B1AF-65C2B6B1C454,04/25/2020,00:39:45,45.353276306514296,-122.85376450505301,20
3AAA8053-795A-4A77-B1AF-65C2B6B1C454,04/25/2020,00:44:45,45.353281288139506,-122.85397716243008,25
3AAA8053-795A-4A77-B1AF-65C2B6B1C454,04/25/2020,00:49:45,45.353281288139506,-122.85397716243008,30
3AAA8053-795A-4A77-B1AF-65C2B6B1C454,04/25/2020,00:54:45,45.353281288139506,-122.85397716243008,35
3AAA8053-795A-4A77-B1AF-65C2B6B1C454,04/25/2020,00:59:45,45.353281288139506,-122.85397716243008,40
3AAA8053-795A-4A77-B1AF-65C2B6B1C454,04/25/2020,01:04:45,45.35329391327861,-122.85407247321594,45
3AAA8053-795A-4A77-B1AF-65C2B6B1C454,04/25/2020,01:09:45,45.35329889021775,-122.85396439622573,50
3AAA8053-795A-4A77-B1AF-65C2B6B1C454,04/25/2020,01:14:45,45.35324486982382,-122.85396055342594,55
3AAA8053-795A-4A77-B1AF-65C2B6B1C454,04/25/2020,01:19:45,45.35328534815904,-122.85395662855788,60
3AAA8053-795A-4A77-B1AF-65C2B6B1C454,04/25/2020,01:24:45,45.353197143603566,-122.85391675672648,65
3AAA8053-795A-4A77-B1AF-65C2B6B1C454,04/25/2020,01:29:45,45.35318042255242,-122.8539958618337,70
3AAA8053-795A-4A77-B1AF-65C2B6B1C454,04/25/2020,01:34:45,45.353242618548784,-122.85397383572726,75
3AAA8053-795A-4A77-B1AF-65C2B6B1C454,04/25/2020,01:39:45,45.35325857556324,-122.85394807438946,80
3AAA8053-795A-4A77-B1AF-65C2B6B1C454,04/25/2020,01:44:45,45.353278684755416,-122.85393804172575,85
3AAA8053-795A-4A77-B1AF-65C2B6B1C454,04/25/2020,01:49:45,45.353278684755416,-122.85393804172575,90
3AAA8053-795A-4A77-B1AF-65C2B6B1C454,04/25/2020,01:54:45,45.353278684755416,-122.85393804172575,95
3AAA8053-795A-4A77-B1AF-65C2B6B1C454,04/25/2020,01:59:45,45.353278684755416,-122.85393804172575,100
3AAA8053-795A-4A77-B1AF-65C2B6B1C454,04/25/2020,02:04:45,45.353278684755416,-122.85393804172575,105
3AAA8053-795A-4A77-B1AF-65C2B6B1C454,04/25/2020,02:09:45,45.353278684755416,-122.85393804172575,110
3AAA8053-795A-4A77-B1AF-65C2B6B1C454,04/25/2020,02:14:45,45.353278684755416,-122.85393804172575,115
3AAA8053-795A-4A77-B1AF-65C2B6B1C454,04/25/2020,02:19:45,45.353278684755416,-122.85393804172575,120
3AAA8053-795A-4A77-B1AF-65C2B6B1C454,04/25/2020,02:24:45,45.353278684755416,-122.85393804172575,125
3AAA8053-795A-4A77-B1AF-65C2B6B1C454,04/25/2020,02:29:45,45.35324323777903,-122.85375055722814,130
3AAA8053-795A-4A77-B1AF-65C2B6B1C454,04/25/2020,02:34:45,45.35324323777903,-122.85375055722814,135
3AAA8053-795A-4A77-B1AF-65C2B6B1C454,04/25/2020,02:39:45,45.35324323777903,-122.85375055722814,140
3AAA8053-795A-4A77-B1AF-65C2B6B1C454,04/25/2020,02:44:45,45.35324323777903,-122.85375055722814,145
3AAA8053-795A-4A77-B1AF-65C2B6B1C454,04/25/2020,02:49:45,45.35324323777903,-122.85375055722814,150
3AAA8053-795A-4A77-B1AF-65C2B6B1C454,04/25/2020,02:54:45,45.35324323777903,-122.85375055722814,155
3AAA8053-795A-4A77-B1AF-65C2B6B1C454,04/25/2020,02:59:45,45.35324323777903,-122.85375055722814,160
3AAA8053-795A-4A77-B1AF-65C2B6B1C454,04/25/2020,03:04:45,45.35324323777903,-122.85375055722814,165
3AAA8053-795A-4A77-B1AF-65C2B6B1C454,04/25/2020,03:09:45,45.35324323777903,-122.85375055722814,170
3AAA8053-795A-4A77-B1AF-65C2B6B1C454,04/25/2020,03:14:45,45.35324323777903,-122.85375055722814,175
3AAA8053-795A-4A77-B1AF-65C2B6B1C454,04/25/2020,03:19:45,45.35324323777903,-122.85375055722814,180
3AAA8053-795A-4A77-B1AF-65C2B6B1C454,04/25/2020,03:24:45,45.35324323777903,-122.85375055722814,185
3AAA8053-795A-4A77-B1AF-65C2B6B1C454,04/25/2020,03:29:45,45.35324323777903,-122.85375055722814,190
3AAA8053-795A-4A77-B1AF-65C2B6B1C454,04/25/2020,03:34:45,45.35324323777903,-122.85375055722814,195
3AAA8053-795A-4A77-B1AF-65C2B6B1C454,04/25/2020,03:39:45,45.35324323777903,-122.85375055722814,200
3AAA8053-795A-4A77-B1AF-65C2B6B1C454,04/25/2020,03:44:45,45.35324323777903,-122.85375055722814,205
3AAA8053-795A-4A77-B1AF-65C2B6B1C454,04/25/2020,03:49:45,45.35324323777903,-122.85375055722814,210
3AAA8053-795A-4A77-B1AF-65C2B6B1C454,04/25/2020,03:54:45,45.35324323777903,-122.85375055722814,215
3AAA8053-795A-4A77-B1AF-65C2B6B1C454,04/25/2020,03:59:45,45.35324323777903,-122.85375055722814,220
3AAA8053-795A-4A77-B1AF-65C2B6B1C454,04/25/2020,04:04:45,45.35324323777903,-122.85375055722814,225
3AAA8053-795A-4A77-B1AF-65C2B6B1C454,04/25/2020,04:09:45,45.35324323777903,-122.85375055722814,230
3AAA8053-795A-4A77-B1AF-65C2B6B1C454,04/25/2020,04:14:45,45.35324323777903,-122.85375055722814,235
3AAA8053-795A-4A77-B1AF-65C2B6B1C454,04/25/2020,04:19:45,45.35324323777903,-122.85375055722814,240
3AAA8053-795A-4A77-B1AF-65C2B6B1C454,04/25/2020,04:24:45,45.35311616238983,-122.85380396934028,245
3AAA8053-795A-4A77-B1AF-65C2B6B1C454,04/25/2020,04:29:45,45.35311616238983,-122.85380396934028,250
3AAA8053-795A-4A77-B1AF-65C2B6B1C454,04/25/2020,04:34:45,45.35311616238983,-122.85380396934028,255
3AAA8053-795A-4A77-B1AF-65C2B6B1C454,04/25/2020,04:39:45,45.35311616238983,-122.85380396934028,260
3AAA8053-795A-4A77-B1AF-65C2B6B1C454,04/25/2020,04:44:45,45.35311616238983,-122.85380396934028,265
3AAA8053-795A-4A77-B1AF-65C2B6B1C454,04/25/2020,04:49:45,45.35311616238983,-122.85380396934028,270
3AAA8053-795A-4A77-B1AF-65C2B6B1C454,04/25/2020,04:54:45,45.35311616238983,-122.85380396934028,275
3AAA8053-795A-4A77-B1AF-65C2B6B1C454,04/25/2020,04:59:45,45.35311616238983,-122.85380396934028,280
3AAA8053-795A-4A77-B1AF-65C2B6B1C454,04/25/2020,05:04:45,45.35311616238983,-122.85380396934028,285
3AAA8053-795A-4A77-B1AF-65C2B6B1C454,04/25/2020,05:09:45,45.35311616238983,-122.85380396934028,290
3AAA8053-795A-4A77-B1AF-65C2B6B1C454,04/25/2020,05:14:45,45.35311616238983,-122.85380396934028,295
3AAA8053-795A-4A77-B1AF-65C2B6B1C454,04/25/2020,05:19:45,45.35311616238983,-122.85380396934028,300
3AAA8053-795A-4A77-B1AF-65C2B6B1C454,04/25/2020,05:24:45,45.35311616238983,-122.85380396934028,305
3AAA8053-795A-4A77-B1AF-65C2B6B1C454,04/25/2020,05:29:45,45.35311616238983,-122.85380396934028,310
3AAA8053-795A-4A77-B1AF-65C2B6B1C454,04/25/2020,05:34:45,45.35311616238983,-122.85380396934028,315
3AAA8053-795A-4A77-B1AF-65C2B6B1C454,04/25/2020,05:39:45,45.35311616238983,-122.85380396934028,320
3AAA8053-795A-4A77-B1AF-65C2B6B1C454,04/25/2020,05:44:45,45.35311616238983,-122.85380396934028,325
3AAA8053-795A-4A77-B1AF-65C2B6B1C454,04/25/2020,05:49:45,45.35311616238983,-122.85380396934028,330
3AAA8053-795A-4A77-B1AF-65C2B6B1C454,04/25/2020,05:54:45,45.35322216111676,-122.85388737932558,335
3AAA8053-795A-4A77-B1AF-65C2B6B1C454,04/25/2020,05:59:45,45.35322216111676,-122.85388737932558,340
3AAA8053-795A-4A77-B1AF-65C2B6B1C454,04/25/2020,06:04:45,45.35322216111676,-122.85388737932558,345
3AAA8053-795A-4A77-B1AF-65C2B6B1C454,04/25/2020,06:09:45,45.35322216111676,-122.85388737932558,350
3AAA8053-795A-4A77-B1AF-65C2B6B1C454,04/25/2020,06:14:45,45.35322216111676,-122.85388737932558,355
3AAA8053-795A-4A77-B1AF-65C2B6B1C454,04/25/2020,06:19:45,45.35322216111676,-122.85388737932558,360
3AAA8053-795A-4A77-B1AF-65C2B6B1C454,04/25/2020,06:24:45,45.35322216111676,-122.85388737932558,365
3AAA8053-795A-4A77-B1AF-65C2B6B1C454,04/25/2020,06:29:45,45.35322216111676,-122.85388737932558,370
3AAA8053-795A-4A77-B1AF-65C2B6B1C454,04/25/2020,06:34:45,45.35322216111676,-122.85388737932558,375
3AAA8053-795A-4A77-B1AF-65C2B6B1C454,04/25/2020,06:39:45,45.35322216111676,-122.85388737932558,380
3AAA8053-795A-4A77-B1AF-65C2B6B1C454,04/25/2020,06:44:45,45.35322216111676,-122.85388737932558,385
3AAA8053-795A-4A77-B1AF-65C2B6B1C454,04/25/2020,06:49:45,45.35322216111676,-122.85388737932558,390
3AAA8053-795A-4A77-B1AF-65C2B6B1C454,04/25/2020,06:54:45,45.35322216111676,-122.85388737932558,395
3AAA8053-795A-4A77-B1AF-65C2B6B1C454,04/25/2020,06:59:45,45.35322216111676,-122.85388737932558,400
3AAA8053-795A-4A77-B1AF-65C2B6B1C454,04/25/2020,07:04:45,45.35322216111676,-122.85388737932558,405
3AAA8053-795A-4A77-B1AF-65C2B6B1C454,04/25/2020,07:09:45,45.35322216111676,-122.85388737932558,410
3AAA8053-795A-4A77-B1AF-65C2B6B1C454,04/25/2020,07:14:45,45.35322216111676,-122.85388737932558,415
3AAA8053-795A-4A77-B1AF-65C2B6B1C454,04/25/2020,07:19:45,45.35322216111676,-122.85388737932558,420
3AAA8053-795A-4A77-B1AF-65C2B6B1C454,04/25/2020,07:24:45,45.35322216111676,-122.85388737932558,425
3AAA8053-795A-4A77-B1AF-65C2B6B1C454,04/25/2020,07:29:45,45.35322216111676,-122.85388737932558,430
3AAA8053-795A-4A77-B1AF-65C2B6B1C454,04/25/2020,07:34:45,45.35322216111676,-122.85388737932558,435
3AAA8053-795A-4A77-B1AF-65C2B6B1C454,04/25/2020,07:39:45,45.35322216111676,-122.85388737932558,440
3AAA8053-795A-4A77-B1AF-65C2B6B1C454,04/25/2020,07:44:45,45.35322216111676,-122.85388737932558,445
3AAA8053-795A-4A77-B1AF-65C2B6B1C454,04/25/2020,07:49:45,45.35322216111676,-122.85388737932558,450
3AAA8053-795A-4A77-B1AF-65C2B6B1C454,04/25/2020,07:54:45,45.35322216111676,-122.85388737932558,455
3AAA8053-795A-4A77-B1AF-65C2B6B1C454,04/25/2020,07:59:45,45.35322216111676,-122.85388737932558,460
3AAA8053-795A-4A77-B1AF-65C2B6B1C454,04/25/2020,08:04:45,45.35322216111676,-122.85388737932558,465
3AAA8053-795A-4A77-B1AF-65C2B6B1C454,04/25/2020,08:09:45,45.35322216111676,-122.85388737932558,470
3AAA8053-795A-4A77-B1AF-65C2B6B1C454,04/25/2020,08:14:45,45.35322216111676,-122.85388737932558,475
3AAA8053-795A-4A77-B1AF-65C2B6B1C454,04/25/2020,08:19:45,45.35322216111676,-122.85388737932558,480
3AAA8053-795A-4A77-B1AF-65C2B6B1C454,04/25/2020,08:24:45,45.35322216111676,-122.85388737932558,485
3AAA8053-795A-4A77-B1AF-65C2B6B1C454,04/25/2020,08:29:45,45.35322216111676,-122.85388737932558,490
3AAA8053-795A-4A77-B1AF-65C2B6B1C454,04/25/2020,08:34:45,45.35322216111676,-122.85388737932558,495
3AAA8053-795A-4A77-B1AF-65C2B6B1C454,04/25/2020,08:39:45,45.35322216111676,-122.85388737932558,500
3AAA8053-795A-4A77-B1AF-65C2B6B1C454,04/25/2020,08:44:45,45.35322216111676,-122.85388737932558,505
3AAA8053-795A-4A77-B1AF-65C2B6B1C454,04/25/2020,08:49:45,45.35322216111676,-122.85388737932558,510
3AAA8053-795A-4A77-B1AF-65C2B6B1C454,04/25/2020,08:54:45,45.35322216111676,-122.85388737932558,515
3AAA8053-795A-4A77-B1AF-65C2B6B1C454,04/25/2020,08:59:45,45.35322216111676,-122.85388737932558,520
3AAA8053-795A-4A77-B1AF-65C2B6B1C454,04/25/2020,09:04:45,45.35322216111676,-122.85388737932558,525
3AAA8053-795A-4A77-B1AF-65C2B6B1C454,04/25/2020,09:09:45,45.35322216111676,-122.85388737932558,530
3AAA8053-795A-4A77-B1AF-65C2B6B1C454,04/25/2020,09:14:45,45.35322216111676,-122.85388737932558,535
3AAA8053-795A-4A77-B1AF-65C2B6B1C454,04/25/2020,09:19:45,45.35322216111676,-122.85388737932558,540
3AAA8053-795A-4A77-B1AF-65C2B6B1C454,04/25/2020,09:24:45,45.35322216111676,-122.85388737932558,545
3AAA8053-795A-4A77-B1AF-65C2B6B1C454,04/25/2020,09:29:45,45.35322216111676,-122.85388737932558,550
3AAA8053-795A-4A77-B1AF-65C2B6B1C454,04/25/2020,09:34:45,45.35322216111676,-122.85388737932558,555
3AAA8053-795A-4A77-B1AF-65C2B6B1C454,04/25/2020,09:39:45,45.35325441065833,-122.8539300245427,560
3AAA8053-795A-4A77-B1AF-65C2B6B1C454,04/25/2020,09:44:45,45.35327481615988,-122.8539224519572,565
3AAA8053-795A-4A77-B1AF-65C2B6B1C454,04/25/2020,09:49:45,45.35357838797627,-122.85433767391093,570
3AAA8053-795A-4A77-B1AF-65C2B6B1C454,04/25/2020,09:54:46,45.35306881661694,-122.85426257831556,575
3AAA8053-795A-4A77-B1AF-65C2B6B1C454,04/25/2020,09:59:47,45.35256855304522,-122.8538835246225,580
3AAA8053-795A-4A77-B1AF-65C2B6B1C454,04/25/2020,10:04:47,45.352794426181816,-122.85386864546254,585
3AAA8053-795A-4A77-B1AF-65C2B6B1C454,04/25/2020,10:09:47,45.35291109942751,-122.85375923553443,590
3AAA8053-795A-4A77-B1AF-65C2B6B1C454,04/25/2020,10:14:47,45.35291109942751,-122.85375923553443,595
3AAA8053-795A-4A77-B1AF-65C2B6B1C454,04/25/2020,10:19:47,45.35316450686274,-122.85384048939702,600
3AAA8053-795A-4A77-B1AF-65C2B6B1C454,04/25/2020,10:24:47,45.353120030495575,-122.85395312779754,605
3AAA8053-795A-4A77-B1AF-65C2B6B1C454,04/25/2020,10:29:47,45.353120030495575,-122.85395312779754,610
3AAA8053-795A-4A77-B1AF-65C2B6B1C454,04/25/2020,10:34:47,45.35311199359775,-122.8539656401222,615
3AAA8053-795A-4A77-B1AF-65C2B6B1C454,04/25/2020,10:39:47,45.35311199359775,-122.8539656401222,620
3AAA8053-795A-4A77-B1AF-65C2B6B1C454,04/25/2020,10:44:47,45.353057288672375,-122.85401514509819,625
3AAA8053-795A-4A77-B1AF-65C2B6B1C454,04/25/2020,10:49:47,45.35318415087704,-122.85395609217949,630
3AAA8053-795A-4A77-B1AF-65C2B6B1C454,04/25/2020,10:54:47,45.35318415087704,-122.85395609217949,635
3AAA8053-795A-4A77-B1AF-65C2B6B1C454,04/25/2020,10:59:47,45.353206956838726,-122.85395456595629,640
3AAA8053-795A-4A77-B1AF-65C2B6B1C454,04/25/2020,11:04:47,45.353206956838726,-122.85395456595629,645
3AAA8053-795A-4A77-B1AF-65C2B6B1C454,04/25/2020,11:09:47,45.353206956838726,-122.85395456595629,650
3AAA8053-795A-4A77-B1AF-65C2B6B1C454,04/25/2020,11:14:47,45.35327504267885,-122.85397791118936,655
3AAA8053-795A-4A77-B1AF-65C2B6B1C454,04/25/2020,11:19:47,45.35327504267885,-122.85397791118936,660
3AAA8053-795A-4A77-B1AF-65C2B6B1C454,04/25/2020,11:24:47,45.35327504267885,-122.85397791118936,665
3AAA8053-795A-4A77-B1AF-65C2B6B1C454,04/25/2020,11:29:47,45.35327504267885,-122.85397791118936,670
3AAA8053-795A-4A77-B1AF-65C2B6B1C454,04/25/2020,11:34:47,45.35327504267885,-122.85397791118936,675
3AAA8053-795A-4A77-B1AF-65C2B6B1C454,04/25/2020,11:39:47,45.35326369154816,-122.85396055257802,680
3AAA8053-795A-4A77-B1AF-65C2B6B1C454,04/25/2020,11:44:47,45.35326369154816,-122.85396055257802,685
3AAA8053-795A-4A77-B1AF-65C2B6B1C454,04/25/2020,11:49:47,45.35329537459473,-122.85393188021577,690
3AAA8053-795A-4A77-B1AF-65C2B6B1C454,04/25/2020,11:54:47,45.35328505877834,-122.85396130076677,695
3AAA8053-795A-4A77-B1AF-65C2B6B1C454,04/25/2020,11:59:47,45.35330674311639,-122.85392180545131,700
3AAA8053-795A-4A77-B1AF-65C2B6B1C454,04/25/2020,12:04:47,45.35327773846171,-122.85392272653088,705
3AAA8053-795A-4A77-B1AF-65C2B6B1C454,04/25/2020,12:09:47,45.353282547382754,-122.85395161695743,710
3AAA8053-795A-4A77-B1AF-65C2B6B1C454,04/25/2020,12:14:47,45.353260427694195,-122.85394975194878,715
3AAA8053-795A-4A77-B1AF-65C2B6B1C454,04/25/2020,12:19:47,45.353260427694195,-122.85394975194878,720
3AAA8053-795A-4A77-B1AF-65C2B6B1C454,04/25/2020,12:24:47,45.35325468189754,-122.85394614359619,725
3AAA8053-795A-4A77-B1AF-65C2B6B1C454,04/25/2020,12:29:47,45.3532459353816,-122.8539718930951,730
3AAA8053-795A-4A77-B1AF-65C2B6B1C454,04/25/2020,12:34:47,45.3532459353816,-122.8539718930951,735
3AAA8053-795A-4A77-B1AF-65C2B6B1C454,04/25/2020,12:39:47,45.3532783559999,-122.85396750784105,740
3AAA8053-795A-4A77-B1AF-65C2B6B1C454,04/25/2020,12:44:47,45.35329859992665,-122.85395726178908,745
3AAA8053-795A-4A77-B1AF-65C2B6B1C454,04/25/2020,12:49:47,45.35329859992665,-122.85395726178908,750
3AAA8053-795A-4A77-B1AF-65C2B6B1C454,04/25/2020,12:54:47,45.35329859992665,-122.85395726178908,755
3AAA8053-795A-4A77-B1AF-65C2B6B1C454,04/25/2020,12:59:47,45.35328589189379,-122.8539011605144,760
3AAA8053-795A-4A77-B1AF-65C2B6B1C454,04/25/2020,13:04:47,45.3532866137051,-122.8538773461751,765
3AAA8053-795A-4A77-B1AF-65C2B6B1C454,04/25/2020,13:09:47,45.353241878916144,-122.85377151446102,770
3AAA8053-795A-4A77-B1AF-65C2B6B1C454,04/25/2020,13:14:47,45.35327857370542,-122.85389246171609,775
3AAA8053-795A-4A77-B1AF-65C2B6B1C454,04/25/2020,13:19:47,45.35323626271433,-122.85391513864433,780
3AAA8053-795A-4A77-B1AF-65C2B6B1C454,04/25/2020,13:24:47,45.35324739095921,-122.85383169779693,785
3AAA8053-795A-4A77-B1AF-65C2B6B1C454,04/25/2020,13:29:47,45.35324739095921,-122.85383169779693,790
3AAA8053-795A-4A77-B1AF-65C2B6B1C454,04/25/2020,13:34:47,45.35324739095921,-122.85383169779693,795
3AAA8053-795A-4A77-B1AF-65C2B6B1C454,04/25/2020,13:39:47,45.353227635360916,-122.8537417564414,800
3AAA8053-795A-4A77-B1AF-65C2B6B1C454,04/25/2020,13:44:47,45.3532163144554,-122.85376277773081,805
3AAA8053-795A-4A77-B1AF-65C2B6B1C454,04/25/2020,13:49:47,45.3532163144554,-122.85376277773081,810
3AAA8053-795A-4A77-B1AF-65C2B6B1C454,04/25/2020,13:54:47,45.3532163144554,-122.85376277773081,815
3AAA8053-795A-4A77-B1AF-65C2B6B1C454,04/25/2020,13:59:47,45.3532163144554,-122.85376277773081,820
3AAA8053-795A-4A77-B1AF-65C2B6B1C454,04/25/2020,14:04:47,45.3532922386923,-122.8539401508962,825
3AAA8053-795A-4A77-B1AF-65C2B6B1C454,04/25/2020,14:09:47,45.35328557499414,-122.85398537228602,830
3AAA8053-795A-4A77-B1AF-65C2B6B1C454,04/25/2020,14:14:47,45.353241515470934,-122.85402694364983,835
3AAA8053-795A-4A77-B1AF-65C2B6B1C454,04/25/2020,14:19:47,45.353241515470934,-122.85402694364983,840
3AAA8053-795A-4A77-B1AF-65C2B6B1C454,04/25/2020,14:24:47,45.35319591940119,-122.85407174043867,845
3AAA8053-795A-4A77-B1AF-65C2B6B1C454,04/25/2020,14:29:47,45.3532108973809,-122.85408924374815,850
3AAA8053-795A-4A77-B1AF-65C2B6B1C454,04/25/2020,14:34:47,45.35321118551271,-122.85404717078957,855
3AAA8053-795A-4A77-B1AF-65C2B6B1C454,04/25/2020,14:39:47,45.3532429980447,-122.85389739815528,860
3AAA8053-795A-4A77-B1AF-65C2B6B1C454,04/25/2020,14:44:47,45.3532429980447,-122.85389739815528,865
3AAA8053-795A-4A77-B1AF-65C2B6B1C454,04/25/2020,14:49:47,45.3532429980447,-122.85389739815528,870
3AAA8053-795A-4A77-B1AF-65C2B6B1C454,04/25/2020,14:54:47,45.3532429980447,-122.85389739815528,875
3AAA8053-795A-4A77-B1AF-65C2B6B1C454,04/25/2020,14:59:47,45.3532429980447,-122.85389739815528,880
3AAA8053-795A-4A77-B1AF-65C2B6B1C454,04/25/2020,15:04:47,45.3532429980447,-122.85389739815528,885
3AAA8053-795A-4A77-B1AF-65C2B6B1C454,04/25/2020,15:09:47,45.353248748645754,-122.85390689119258,890
3AAA8053-795A-4A77-B1AF-65C2B6B1C454,04/25/2020,15:14:47,45.35327593009887,-122.85392490196809,895
3AAA8053-795A-4A77-B1AF-65C2B6B1C454,04/25/2020,15:19:47,45.35328328021962,-122.8539091822289,900
3AAA8053-795A-4A77-B1AF-65C2B6B1C454,04/25/2020,15:24:47,45.35328328021962,-122.8539091822289,905
3AAA8053-795A-4A77-B1AF-65C2B6B1C454,04/25/2020,15:29:47,45.35328328021962,-122.8539091822289,910
3AAA8053-795A-4A77-B1AF-65C2B6B1C454,04/25/2020,15:34:47,45.35328328021962,-122.8539091822289,915
3AAA8053-795A-4A77-B1AF-65C2B6B1C454,04/25/2020,15:39:47,45.35328702926587,-122.85389251912306,920
3AAA8053-795A-4A77-B1AF-65C2B6B1C454,04/25/2020,15:44:47,45.35325821990017,-122.8540159785071,925
3AAA8053-795A-4A77-B1AF-65C2B6B1C454,04/25/2020,15:49:47,45.35325821990017,-122.8540159785071,930
3AAA8053-795A-4A77-B1AF-65C2B6B1C454,04/25/2020,15:54:47,45.35327695856853,-122.85397269350044,935
3AAA8053-795A-4A77-B1AF-65C2B6B1C454,04/25/2020,15:59:47,45.3532870105875,-122.85395179602583,940
3AAA8053-795A-4A77-B1AF-65C2B6B1C454,04/25/2020,16:04:47,45.35329484269841,-122.85397338756206,945
3AAA8053-795A-4A77-B1AF-65C2B6B1C454,04/25/2020,16:09:47,45.3532880386568,-122.85394578430939,950
3AAA8053-795A-4A77-B1AF-65C2B6B1C454,04/25/2020,16:14:47,45.3532880386568,-122.85394578430939,955
3AAA8053-795A-4A77-B1AF-65C2B6B1C454,04/25/2020,16:19:47,45.3532880386568,-122.85394578430939,960
3AAA8053-795A-4A77-B1AF-65C2B6B1C454,04/25/2020,16:24:47,45.3532880386568,-122.85394578430939,965
3AAA8053-795A-4A77-B1AF-65C2B6B1C454,04/25/2020,16:29:47,45.35332839775579,-122.85417474083442,970
3AAA8053-795A-4A77-B1AF-65C2B6B1C454,04/25/2020,16:34:47,45.35332839775579,-122.85417474083442,975
3AAA8053-795A-4A77-B1AF-65C2B6B1C454,04/25/2020,16:39:47,45.35332839775579,-122.85417474083442,980
3AAA8053-795A-4A77-B1AF-65C2B6B1C454,04/25/2020,16:44:47,45.35332839775579,-122.85417474083442,985
3AAA8053-795A-4A77-B1AF-65C2B6B1C454,04/25/2020,16:49:47,45.35332839775579,-122.85417474083442,990
3AAA8053-795A-4A77-B1AF-65C2B6B1C454,04/25/2020,16:54:47,45.35332839775579,-122.85417474083442,995
3AAA8053-795A-4A77-B1AF-65C2B6B1C454,04/25/2020,16:59:47,45.35332839775579,-122.85417474083442,1000
3AAA8053-795A-4A77-B1AF-65C2B6B1C454,04/25/2020,17:04:47,45.35332839775579,-122.85417474083442,1005
3AAA8053-795A-4A77-B1AF-65C2B6B1C454,04/25/2020,17:09:47,45.35332839775579,-122.85417474083442,1010
3AAA8053-795A-4A77-B1AF-65C2B6B1C454,04/25/2020,17:14:47,45.35331285288488,-122.85387353264124,1015
3AAA8053-795A-4A77-B1AF-65C2B6B1C454,04/25/2020,17:19:47,45.353259716555385,-122.85398743244369,1020
3AAA8053-795A-4A77-B1AF-65C2B6B1C454,04/25/2020,17:24:47,45.353254817311615,-122.8539740453387,1025
3AAA8053-795A-4A77-B1AF-65C2B6B1C454,04/25/2020,17:29:47,45.353254817311615,-122.8539740453387,1030
3AAA8053-795A-4A77-B1AF-65C2B6B1C454,04/25/2020,17:34:47,45.353254817311615,-122.8539740453387,1035
3AAA8053-795A-4A77-B1AF-65C2B6B1C454,04/25/2020,17:39:47,45.35325053421781,-122.85393070308703,1040
3AAA8053-795A-4A77-B1AF-65C2B6B1C454,04/25/2020,17:44:47,45.35325053421781,-122.85393070308703,1045
3AAA8053-795A-4A77-B1AF-65C2B6B1C454,04/25/2020,17:49:47,45.35326436037818,-122.85393290664798,1050
3AAA8053-795A-4A77-B1AF-65C2B6B1C454,04/25/2020,17:54:47,45.353209643370825,-122.85395165607346,1055
3AAA8053-795A-4A77-B1AF-65C2B6B1C454,04/25/2020,17:59:47,45.353209643370825,-122.85395165607346,1060
3AAA8053-795A-4A77-B1AF-65C2B6B1C454,04/25/2020,18:04:47,45.353209643370825,-122.85395165607346,1065
3AAA8053-795A-4A77-B1AF-65C2B6B1C454,04/25/2020,18:09:47,45.353209643370825,-122.85395165607346,1070
3AAA8053-795A-4A77-B1AF-65C2B6B1C454,04/25/2020,18:14:47,45.353209643370825,-122.85395165607346,1075
3AAA8053-795A-4A77-B1AF-65C2B6B1C454,04/25/2020,18:19:47,45.353209643370825,-122.85395165607346,1080
3AAA8053-795A-4A77-B1AF-65C2B6B1C454,04/25/2020,18:24:47,45.353209643370825,-122.85395165607346,1085
3AAA8053-795A-4A77-B1AF-65C2B6B1C454,04/25/2020,18:29:47,45.353045171813385,-122.85396655792981,1090
3AAA8053-795A-4A77-B1AF-65C2B6B1C454,04/25/2020,18:34:47,45.35311385537687,-122.85399120988284,1095
3AAA8053-795A-4A77-B1AF-65C2B6B1C454,04/25/2020,18:39:47,45.3531438487075,-122.85404209425457,1100
3AAA8053-795A-4A77-B1AF-65C2B6B1C454,04/25/2020,18:44:47,45.35321223032363,-122.85396540539331,1105
3AAA8053-795A-4A77-B1AF-65C2B6B1C454,04/25/2020,18:49:47,45.3532153250572,-122.85396023438908,1110
3AAA8053-795A-4A77-B1AF-65C2B6B1C454,04/25/2020,18:54:47,45.3532153250572,-122.85396023438908,1115
3AAA8053-795A-4A77-B1AF-65C2B6B1C454,04/25/2020,18:59:47,45.3533373046254,-122.85381181300451,1120
3AAA8053-795A-4A77-B1AF-65C2B6B1C454,04/25/2020,19:04:47,45.3533373046254,-122.85381181300451,1125
3AAA8053-795A-4A77-B1AF-65C2B6B1C454,04/25/2020,19:09:47,45.3533373046254,-122.85381181300451,1130
3AAA8053-795A-4A77-B1AF-65C2B6B1C454,04/25/2020,19:14:47,45.3533373046254,-122.85381181300451,1135
3AAA8053-795A-4A77-B1AF-65C2B6B1C454,04/25/2020,19:19:47,45.35338314242333,-122.85379663260811,1140
3AAA8053-795A-4A77-B1AF-65C2B6B1C454,04/25/2020,19:24:47,45.35338314242333,-122.85379663260811,1145
3AAA8053-795A-4A77-B1AF-65C2B6B1C454,04/25/2020,19:29:47,45.35331121699252,-122.85381897711306,1150
3AAA8053-795A-4A77-B1AF-65C2B6B1C454,04/25/2020,19:34:47,45.35331121699252,-122.85381897711306,1155
3AAA8053-795A-4A77-B1AF-65C2B6B1C454,04/25/2020,19:39:47,45.35331121699252,-122.85381897711306,1160
3AAA8053-795A-4A77-B1AF-65C2B6B1C454,04/25/2020,19:44:47,45.35331121699252,-122.85381897711306,1165
3AAA8053-795A-4A77-B1AF-65C2B6B1C454,04/25/2020,19:49:47,45.35331121699252,-122.85381897711306,1170
3AAA8053-795A-4A77-B1AF-65C2B6B1C454,04/25/2020,19:54:47,45.35331121699252,-122.85381897711306,1175
3AAA8053-795A-4A77-B1AF-65C2B6B1C454,04/25/2020,19:59:47,45.35331121699252,-122.85381897711306,1180
3AAA8053-795A-4A77-B1AF-65C2B6B1C454,04/25/2020,20:04:47,45.35331121699252,-122.85381897711306,1185
3AAA8053-795A-4A77-B1AF-65C2B6B1C454,04/25/2020,20:09:47,45.35331121699252,-122.85381897711306,1190
3AAA8053-795A-4A77-B1AF-65C2B6B1C454,04/25/2020,20:14:47,45.35331121699252,-122.85381897711306,1195
3AAA8053-795A-4A77-B1AF-65C2B6B1C454,04/25/2020,20:19:47,45.35331121699252,-122.85381897711306,1200
3AAA8053-795A-4A77-B1AF-65C2B6B1C454,04/25/2020,20:24:47,45.35331121699252,-122.85381897711306,1205
3AAA8053-795A-4A77-B1AF-65C2B6B1C454,04/25/2020,20:29:47,45.35331121699252,-122.85381897711306,1210
3AAA8053-795A-4A77-B1AF-65C2B6B1C454,04/25/2020,20:34:47,45.35331121699252,-122.85381897711306,1215
3AAA8053-795A-4A77-B1AF-65C2B6B1C454,04/25/2020,20:39:47,45.35331121699252,-122.85381897711306,1220
5A60D9A9-F274-4E5B-A9FE-95CFBBB127E6,04/25/2020,16:11:14,44.0494082356282,-123.0809798744722,0
FF177EEC-BBC1-4B47-817D-C6608E6B33A8,04/22/2020,19:54:55,44.08219556847597,-123.06172527182484,0
FF177EEC-BBC1-4B47-817D-C6608E6B33A8,04/22/2020,19:59:55,44.082182849089136,-123.06172718288575,5
FF177EEC-BBC1-4B47-817D-C6608E6B33A8,04/22/2020,20:04:55,44.082182849089136,-123.06172718288575,10
FF177EEC-BBC1-4B47-817D-C6608E6B33A8,04/22/2020,20:09:55,44.082182849089136,-123.06172718288575,15
FF177EEC-BBC1-4B47-817D-C6608E6B33A8,04/22/2020,20:14:55,44.082182849089136,-123.06172718288575,20
FF177EEC-BBC1-4B47-817D-C6608E6B33A8,04/22/2020,20:19:55,44.08220194519903,-123.06172732220612,25
FF177EEC-BBC1-4B47-817D-C6608E6B33A8,04/22/2020,20:24:55,44.08220194519903,-123.06172732220612,30
FF177EEC-BBC1-4B47-817D-C6608E6B33A8,04/22/2020,20:29:55,44.0821509547297,-123.06173812822888,35
FF177EEC-BBC1-4B47-817D-C6608E6B33A8,04/22/2020,20:34:55,44.08216907217023,-123.06172259320718,40
FF177EEC-BBC1-4B47-817D-C6608E6B33A8,04/22/2020,20:39:55,44.08216907217023,-123.06172259320718,45
FF177EEC-BBC1-4B47-817D-C6608E6B33A8,04/22/2020,20:44:55,44.08217212990366,-123.06178865153342,50
FF177EEC-BBC1-4B47-817D-C6608E6B33A8,04/22/2020,20:49:55,44.08220218972201,-123.06177436571286,55
FF177EEC-BBC1-4B47-817D-C6608E6B33A8,04/22/2020,20:54:55,44.082197049476754,-123.06178780671998,60
FF177EEC-BBC1-4B47-817D-C6608E6B33A8,04/22/2020,20:59:55,44.08218766977916,-123.06176571423089,65
FF177EEC-BBC1-4B47-817D-C6608E6B33A8,04/22/2020,21:04:55,44.08218766977916,-123.06176571423089,70
FF177EEC-BBC1-4B47-817D-C6608E6B33A8,04/22/2020,21:09:55,44.08218766977916,-123.06176571423089,75
FF177EEC-BBC1-4B47-817D-C6608E6B33A8,04/22/2020,21:14:55,44.08218766977916,-123.06176571423089,80
FF177EEC-BBC1-4B47-817D-C6608E6B33A8,04/22/2020,21:19:55,44.08218766977916,-123.06176571423089,85
FF177EEC-BBC1-4B47-817D-C6608E6B33A8,04/22/2020,21:24:55,44.08218766977916,-123.06176571423089,90
FF177EEC-BBC1-4B47-817D-C6608E6B33A8,04/22/2020,21:29:55,44.08218766977916,-123.06176571423089,95
FF177EEC-BBC1-4B47-817D-C6608E6B33A8,04/22/2020,21:34:55,44.08218766977916,-123.06176571423089,100
FF177EEC-BBC1-4B47-817D-C6608E6B33A8,04/22/2020,21:39:55,44.08215778315378,-123.06174216969066,105
FF177EEC-BBC1-4B47-817D-C6608E6B33A8,04/22/2020,21:44:55,44.0821848138671,-123.06176684120645,110
FF177EEC-BBC1-4B47-817D-C6608E6B33A8,04/22/2020,21:49:55,44.08220342348928,-123.06174370264046,115
FF177EEC-BBC1-4B47-817D-C6608E6B33A8,04/22/2020,21:54:55,44.08217356775137,-123.06173399170355,120
FF177EEC-BBC1-4B47-817D-C6608E6B33A8,04/22/2020,21:59:55,44.08215439412387,-123.06176900506112,125
